"482";"10000";"SERVICIOS PERSONALES";"FUNCIONAMIENTO";"1"
"483";"11000";"EMPLEADOS PERMANENTES";"FUNCIONAMIENTO";"1"
"1";"11100";"HABERES BÁSICOS";"FUNCIONAMIENTO";"1"
"2";"11200";"BONO DE ANTIGÜEDAD";"FUNCIONAMIENTO";"1"
"3";"11210";"BONO DE ANTIGÜEDAD CATEGORÍAS MAGISTERIO";"FUNCIONAMIENTO";"1"
"4";"11220";"BONO DE ANTIGÜEDAD";"FUNCIONAMIENTO";"1"
"5";"11300";"BONIFICACIONES";"FUNCIONAMIENTO";"1"
"6";"11310";"BONO FRONTERA";"FUNCIONAMIENTO";"1"
"7";"11320";"REMUNERACIONES COLATERALES MÉDICAS Y DE TRABAJADORES EN SALUD";"FUNCIONAMIENTO";"1"
"8";"11321";"CATEGORÍAS MÉDICAS";"FUNCIONAMIENTO";"1"
"9";"11322";"ESCALAFÓN MÉDICO";"FUNCIONAMIENTO";"1"
"10";"11323";"ESCALAFÓN DE LOS TRABAJADORES EN SALUD DEPENDIENTES DEL SUBSECTOR PÚBLICO DE SALUD DE ACUERDO A NORMA LEGAL VIGENTE";"FUNCIONAMIENTO";"1"
"11";"11324";"OTRAS REMUNERACIONES";"FUNCIONAMIENTO";"1"
"12";"11330";"OTRAS BONIFICACIONES";"FUNCIONAMIENTO";"1"
"13";"11331";"PAGO VARIABLE";"FUNCIONAMIENTO";"1"
"14";"11332";"PAGO ADICIONAL FIJO";"FUNCIONAMIENTO";"1"
"15";"11339";"OTRAS BONIFICACIONES";"FUNCIONAMIENTO";"1"
"16";"11400";"AGUINALDOS";"FUNCIONAMIENTO";"1"
"17";"11500";"PRIMAS Y BONO DE PRODUCCIÓN";"FUNCIONAMIENTO";"1"
"18";"11510";"PRIMAS";"FUNCIONAMIENTO";"1"
"19";"11520";"BONO DE PRODUCCIÓN";"FUNCIONAMIENTO";"1"
"20";"11600";"ASIGNACIONES FAMILIARES";"FUNCIONAMIENTO";"1"
"21";"11700";"SUELDOS";"FUNCIONAMIENTO";"1"
"22";"11800";"DIETAS";"FUNCIONAMIENTO";"1"
"23";"11810";"DIETAS DE DIRECTORIOS";"FUNCIONAMIENTO";"1"
"24";"11820";"OTRAS DIETAS";"FUNCIONAMIENTO";"1"
"25";"11900";"OTROS SERVICIOS PERSONALES";"FUNCIONAMIENTO";"1"
"26";"11910";"HORAS EXTRAORDINARIAS";"FUNCIONAMIENTO";"1"
"27";"11920";"VACACIONES NO UTILIZADAS";"FUNCIONAMIENTO";"1"
"28";"11930";"INCENTIVOS ECONÓMICOS";"FUNCIONAMIENTO";"1"
"29";"11940";"SUPLENCIAS";"FUNCIONAMIENTO";"1"
"30";"12000";"EMPLEADOS NO PERMANENTES";"FUNCIONAMIENTO";"1"
"31";"12100";"PERSONAL EVENTUAL";"FUNCIONAMIENTO";"1"
"32";"13000";"PREVISIÓN SOCIAL";"FUNCIONAMIENTO";"1"
"33";"13100";"APORTE PATRONAL AL SEGURO SOCIAL";"FUNCIONAMIENTO";"1"
"34";"13110";"RÉGIMEN CORTO PLAZO (SALUD)";"FUNCIONAMIENTO";"1"
"35";"13120";"PRIMA DE RIESGOS PROFESIONALES RÉGIMEN DE LARGO PLAZO";"FUNCIONAMIENTO";"1"
"36";"13130";"APORTE PATRONAL FONDO SOLIDARIO RÉGIMEN DE LARGO PLAZO";"FUNCIONAMIENTO";"1"
"37";"13131";"APORTE PATRONAL SOLIDARIO 3%";"FUNCIONAMIENTO";"1"
"38";"13132";"APORTE PATRONAL MINERO SOLIDARIO 2%";"FUNCIONAMIENTO";"1"
"39";"13200";"APORTE PATRONAL PARA VIVIENDA";"FUNCIONAMIENTO";"1"
"40";"14000";"OTROS";"FUNCIONAMIENTO";"1"
"null";"14100";"OTROS";"FUNCIONAMIENTO";"1"
"41";"15000";"PREVISIONES PARA INCREMENTO DE GASTOS EN SERVICIOS PERSONALES";"FUNCIONAMIENTO";"1"
"42";"15100";"INCREMENTO SALARIAL";"FUNCIONAMIENTO";"1"
"43";"15200";"CRECIMIENTO VEGETATIVO";"FUNCIONAMIENTO";"1"
"44";"15300";"CREACIÓN DE ÍTEMS";"FUNCIONAMIENTO";"1"
"45";"15400";"OTRAS PREVISIONES";"FUNCIONAMIENTO";"1"
"46";"20000";"SERVICIOS NO PERSONALES";"FUNCIONAMIENTO";"1"
"47";"21100";"COMUNICACIONES";"FUNCIONAMIENTO";"1"
"48";"21200";"ENERGÍA ELÉCTRICA";"1"
"49";"21300";"AGUA";"FUNCIONAMIENTO";"1"
"50";"21400";"TELEFONÍA";"FUNCIONAMIENTO";"1"
"51";"21500";"GAS DOMICILIARIO";"FUNCIONAMIENTO";"1"
"52";"21600";"INTERNET";"FUNCIONAMIENTO";"1"
"53";"22000";"SERVICIOS DE TRANSPORTE Y SEGUROS";"FUNCIONAMIENTO";"1"
"54";"22100";"PASAJES";"FUNCIONAMIENTO";"1"
"55";"22110";"PASAJES AL INTERIOR DEL PAÍS";"FUNCIONAMIENTO";"1"
"56";"22120";"PASAJES AL EXTERIOR DEL PAÍS";"FUNCIONAMIENTO";"1"
"57";"22200";"VIÁTICOS";"FUNCIONAMIENTO";"1"
"58";"22210";"VIÁTICOS VIÁTICOS POR VIAJES AL INTERIOR DEL PAÍS";"FUNCIONAMIENTO";"1"
"59";"22220";"VIÁTICOS VIÁTICOS POR VIAJES AL EXTERIOR DEL PAÍS";"FUNCIONAMIENTO";"1"
"60";"22300";"FLETES Y ALMACENAMIENTO";"FUNCIONAMIENTO";"1"
"61";"22400";"GASTOS DE INSTALACIÓN Y RETORNO";"FUNCIONAMIENTO";"1"
"62";"22500";"SEGUROS";"FUNCIONAMIENTO";"1"
"63";"22600";"TRANSPORTE DE PERSONAL";"FUNCIONAMIENTO";"1"
"64";"23000";"ALQUILERES";"FUNCIONAMIENTO";"1"
"65";"23100";"ALQUILER DE INMUEBLES";"FUNCIONAMIENTO";"1"
"66";"23200";"ALQUILER DE EQUIPOS Y MAQUINARIAS";"FUNCIONAMIENTO";"1"
"67";"23300";"ALQUILER DE TIERRAS Y TERRENOS";"FUNCIONAMIENTO";"1"
"68";"23400";"OTROS ALQUILERES";"FUNCIONAMIENTO";"1"
"69";"24000";"INSTALACIÓN, MANTENIMIENTO Y REPARACIONES";"FUNCIONAMIENTO";"1"
"70";"24100";"MANTENIMIENTO Y REPARACIÓN DE INMUEBLES, MUEBLES Y EQUIPOS";"FUNCIONAMIENTO";"1"
"71";"24110";"MANTENIMIENTO Y REPARACIÓN DE INMUEBLES";"FUNCIONAMIENTO";"1"
"72";"24120";"MANTENIMIENTO Y REPARACIÓN DE VEHÍCULOS, MAQUINARIA Y EQUIPOS";"FUNCIONAMIENTO";"1"
"73";"24130";"MANTENIMIENTO Y REPARACIÓN DE MUEBLES Y ENSERES";"FUNCIONAMIENTO";"1"
"74";"24200";"MANTENIMIENTO Y REPARACIÓN DE VÍAS DE COMUNICACIÓN";"FUNCIONAMIENTO";"1"
"75";"24300";"OTROS GASTOS POR CONCEPTO DE INSTALACIÓN, MANTENIMIENTO Y REPARACIÓN";"FUNCIONAMIENTO";"1"
"76";"25000";"SERVICIOS PROFESIONALES Y COMERCIALES";"FUNCIONAMIENTO";"1"
"77";"25100";"MÉDICOS, SANITARIOS Y SOCIALES";"FUNCIONAMIENTO";"1"
"78";"25120";"GASTOS ESPECIALIZADOS POR ATENCIÓN MÉDICA Y OTROS";"FUNCIONAMIENTO";"1"
"79";"25130";"GASTOS POR AFILIACIÓN DE ESTUDIANTES UNIVERSITARIOS AL SEGURO SOCIAL";"FUNCIONAMIENTO";"1"
"80";"25200";"ESTUDIOS, INVESTIGACIONES, AUDITORÍAS EXTERNAS Y REVALORIZACIONES";"FUNCIONAMIENTO";"1"
"81";"25210";"CONSULTORÍAS POR PRODUCTO";"FUNCIONAMIENTO";"1"
"82";"25220";"CONSULTORES INDIVIDUALES DE LÍNEA";"FUNCIONAMIENTO";"1"
"83";"25230";"AUDITORÍAS EXTERNAS";"FUNCIONAMIENTO";"1"
"84";"25300";"COMISIONES Y GASTOS BANCARIOS";"FUNCIONAMIENTO";"1"
"85";"25400";"LAVANDERÍA, LIMPIEZA E HIGIENE";"FUNCIONAMIENTO";"1"
"86";"25500";"PUBLICIDAD";"FUNCIONAMIENTO";"1"
"87";"25600";"SERVICIOS DE IMPRENTA, FOTOCOPIADO Y FOTOGRÁFICOS";"FUNCIONAMIENTO";"1"
"88";"25700";"CAPACITACIÓN DEL PERSONAL";"FUNCIONAMIENTO";"1"
"89";"25800";"ESTUDIOS E INVESTIGACIONES PARA PROYECTOS DE INVERSIÓN NO CAPITALIZABLES";"FUNCIONAMIENTO";"1"
"90";"25810";"CONSULTORÍAS POR PRODUCTO";"FUNCIONAMIENTO";"1"
"91";"25820";"CONSULTORES INDIVIDUALES DE LÍNEA";"FUNCIONAMIENTO";"1"
"92";"25900";"SERVICIOS MANUALES";"FUNCIONAMIENTO";"1"
"93";"26000";"OTRO SERVICIOS NO PERSONALES";"FUNCIONAMIENTO";"1"
"94";"26200";"GASTOS JUDICIALES";"FUNCIONAMIENTO";"1"
"95";"26300";"DERECHOS SOBRE BIENES INTANGIBLES";"FUNCIONAMIENTO";"1"
"96";"26500";"CONJUECES Y JUECES CIUDADANOS";"FUNCIONAMIENTO";"1"
"97";"26600";"SERVICIO DE SEGURIDAD DE LOS BATALLONES DE SEGURIDAD FÍSICA DE LA POLICÍA BOLIVIANA, LAS FUERZAS ARMADAS Y VIGILANCIA PRIVADA";"FUNCIONAMIENTO";"1"
"98";"26610";"SERVICIOS PUBLICOS";"FUNCIONAMIENTO";"1"
"99";"26620";"SERVICIOS PRIVADOS";"FUNCIONAMIENTO";"1"
"100";"26630";"SERVICIOS POR TRASLADO DE VALORES";"FUNCIONAMIENTO";"1"
"101";"26640";"COMPENSACIONES ECONÓMICAS";"FUNCIONAMIENTO";"1"
"102";"26700";"SERVICIOS DE LABORATORIOS ESPECIALIZADOS";"FUNCIONAMIENTO";"1"
"103";"26900";"OTROS SERVICIOS NO PERSONALES";"FUNCIONAMIENTO";"1"
"104";"26910";"GASTOS DE REPRESENTACIÓN";"FUNCIONAMIENTO";"1"
"105";"26920";"FALLAS DE CAJA";"FUNCIONAMIENTO";"1"
"106";"26930";"PAGO POR TRABAJOS DIRIGIDOS Y PASANTÍAS";"FUNCIONAMIENTO";"1"
"107";"26940";"COMPENSACIÓN COSTO DE VIDA";"FUNCIONAMIENTO";"1"
"108";"26950";"AGUINALDO -  ESFUERZO POR BOLIVIA";"FUNCIONAMIENTO";"1"
"109";"26990";"OTROS";"FUNCIONAMIENTO";"1"
"110";"27000";"GASTOS POR SERVICIOS ESPECIALIZADOS POR LA ACTIVIDAD EXTRACTIVA DE RECURSOS NATURALES DEL ESTADO PLURINACIONAL";"FUNCIONAMIENTO";"1"
"111";"27100";"SERVICIOS POR LA EXTRACCIÓN, TRANSFORMACIÓN Y CONVERSIÓN DE LOS RECURSOS NATURALES DE PROPIEDAD DEL ESTADO PLURINACIONAL";"FUNCIONAMIENTO";"1"
"112";"27110";"PAGO POR COSTOS INCURRIDOS";"FUNCIONAMIENTO";"1"
"113";"27120";"PAGO POR UTILIDADES";"FUNCIONAMIENTO";"1"
"114";"30000";"MATERIALES Y SUMINISTROS";"INVERSIÓN";"1"
"115";"31000";"ALIMENTOS Y PRODUCTOS AGROFORESTALES";"INVERSIÓN";"1"
"116";"31100";"ALIMENTOS Y BEBIDAS PARA PERSONAS, DESAYUNO ESCOLAR Y OTROS";"INVERSIÓN";"1"
"117";"31110";"GASTOS POR REFRIGERIOS AL PERSONAL PERMANENTE , EVENTUAL Y CONSULTORES INDIVIDUALES DE LÍNEA DE LAS INSTITUCIONES PÚBLICAS.";"INVERSIÓN";"1"
"118";"31120";"GASTOS POR ALIMENTACIÓN Y OTROS SIMILARES";"INVERSIÓN";"1"
"119";"31130";"ALIMENTACIÓN COMPLEMENTARIA ESCOLAR";"INVERSIÓN";"1"
"120";"31140";"ALIMENTACIÓN HOSPITALARIA, PENITENCIA, AERONAVES Y OTRAS ESPECÍFICAS";"INVERSIÓN";"1"
"121";"31150";"ALIMENTOS Y BEBIDAS PARA LA ATENCIÓN DE EMERGENCIAS Y DESASTRES NATURALES";"INVERSIÓN";"1"
"122";"31200";"ALIMENTOS PARA ANIMALES";"INVERSIÓN";"1"
"123";"31300";"PRODUCTOS AGRÍCOLAS, PECUARIOS Y FORESTALES";"INVERSIÓN";"1"
"124";"32000";"PRODUCTOS DE PAPEL, CARTÓN E IMPRESOS";"INVERSIÓN";"1"
"125";"32100";"PAPEL";"INVERSIÓN";"1"
"126";"32200";"PRODUCTOS DE ARTES GRÁFICAS";"INVERSIÓN";"1"
"127";"32300";"LIBROS, MANUALES Y REVISTAS";"INVERSIÓN";"1"
"128";"32400";"TEXTOS Y ENSEÑANZA";"INVERSIÓN";"1"
"129";"32500";"PERIÓDICOS Y BOLETINES";"INVERSIÓN";"1"
"130";"33000";"TEXTILES Y VESTUARIO";"INVERSIÓN";"1"
"131";"33100";"HILADOS, TELAS, FIBRAS Y ALGODÓN";"INVERSIÓN";"1"
"132";"33200";"CONFECCIONES TEXTILES";"INVERSIÓN";"1"
"133";"33300";"PRENDAS DE VESTIR";"INVERSIÓN";"1"
"134";"33400";"CALZADOS";"INVERSIÓN";"1"
"135";"34000";"COMBUSTIBLES, PRODUCTOS QUÍMICOS, FARMACÉUTICOS Y OTRAS FUENTES DE ENERGÍA";"INVERSIÓN";"1"
"136";"34100";"COMBUSTIBLES, LUBRICANTES, DERIVADOS Y OTRAS FUENTES DE ENERGÍA";"INVERSIÓN";"1"
"137";"34110";"COMBUSTIBLES, LUBRICANTES Y DERIVADOS PARA CONSUMO";"INVERSIÓN";"1"
"138";"34120";"COMBUSTIBLES, LUBRICANTES Y DERIVADOS PARA COMERCIALIZACIÓN";"INVERSIÓN";"1"
"139";"34130";"ENERGÍA ELÉCTRICA PARA COMERCIALIZACIÓN";"INVERSIÓN";"1"
"140";"34200";"PRODUCTOS QUÍMICOS Y FARMACÉUTICOS";"INVERSIÓN";"1"
"141";"34300";"LLANTAS Y NEUMÁTICOS";"INVERSIÓN";"1"
"142";"34400";"PRODUCTOS DE CUERO Y CAUCHO";"INVERSIÓN";"1"
"143";"34500";"PRODUCTOS DE MINERALES NO METALICOS Y PLASTICOS";"INVERSIÓN";"1"
"144";"34600";"PRODUCTOS METÁLICOS";"INVERSIÓN";"1"
"145";"34700";"MINERALES";"INVERSIÓN";"1"
"146";"34800";"HERRAMIENTAS MENORES";"INVERSIÓN";"1"
"147";"34900";"MATERIALES Y EQUIPO MILITAR";"INVERSIÓN";"1"
"148";"39000";"PRODUCTOS VARIOS";"INVERSIÓN";"1"
"149";"39100";"MATERIAL DE LIMPIEZA E HIGIENE";"INVERSIÓN";"1"
"150";"39200";"MATERIAL DEPORTIVO Y RECREATIVO";"INVERSIÓN";"1"
"151";"39300";"UTENSILIOS DE COCINA Y COMEDOR";"INVERSIÓN";"1"
"152";"39400";"INSTRUMENTAL MENOR MÉDICO-QUIRÚRGICO";"INVERSIÓN";"1"
"153";"39500";"ÚTILES DE ESCRITORIO Y DE OFICINA";"INVERSION";"1"
"154";"39600";"UTILES EDUCACIONALES, CULTURALES Y DE CAPACITACIÓN";"INVERSIÓN";"1"
"155";"39700";"ÚTILES Y MATERIALES ELECTRÓNICOS";"INVERSIÓN";"1"
"156";"39800";"OTROS REPUESTOS Y ACCESORIOS";"INVERSIÓN";"1"
"157";"39900";"OTROS MATERIALES Y SUMINISTROS";"INVERSIÓN";"1"
"158";"39910";"ACUÑACION DE MONEDAS Y IMPRESION DE BILLETES";"INVERSIÓN";"1"
"159";"39911";"ACUÑACIÓN DE MONEDAS";"INVERSIÓN";"1"
"160";"39912";"IMPRESIÓN DE BILLETES";"INVERSIÓN";"1"
"161";"39990";"OTROS MATERIALES Y SUMINISTROS";"INVERSIÓN";"1"
"162";"40000";"ACTIVOS REALES";"INVERSIÓN";"1"
"163";"41000";"INMOBILIARIOS";"INVERSIÓN";"1"
"164";"41100";"EDIFICIOS";"INVERSIÓN";"1"
"165";"41200";"TIERRAS Y TERRENOS";"INVERSIÓN";"1"
"166";"41300";"OTRAS ADQUISICIONES";"INVERSIÓN";"1"
"167";"42000";"CONSTRUCCIONES’";"INVERSIÓN";"1"
"168";"42200";"CONSTRUCCIONES Y MEJORAS DE BIENES PÚBLICOS NACIONALES DE DOMINIO PRIVADO";"INVERSIÓN";"1"
"169";"42210";"CONSTRUCCIÓN Y MEJORAS DE VIVIENDAS";"INVERSIÓN";"1"
"170";"42220";"CONSTRUCCIONES Y MEJORAS PARA DEFENSA Y SEGURIDAD";"INVERSIÓN";"1"
"171";"42230";"OTRAS CONSTRUCCIONES Y MEJORAS DE BIENES PÚBLICOS DE DOMINIO PRIVADO";"INVERSIÓN";"1"
"172";"42240";"SUPERVISIÓN DE CONSTRUCCIONES Y MEJORAS DE BIENES PÚBLICOS DE DOMINIO PRIVADO";"INVERSIÓN";"1"
"173";"42300";"CONSTRUCCIONES Y MEJORAS DE BIENES NACIONALES DE DOMINIO PUBLICO";"INVERSIÓN";"1"
"174";"42310";"CONSTRUCCIONES Y MEJORAS DE BIENES DE DOMINIO PUBLICO";"INVERSIÓN";"1"
"175";"42320";"SUPERVISIÓN DE CONSTRUCCIONES Y MEJORAS DE BIENES DE DOMINIO PUBLICO";"INVERSIÓN";"1"
"176";"42400";"CONSTRUCCIONES Y MEJORAS DE BIENES PÚBLICOS NACIONALES DE DOMINIO PRIVADO - LLAVE EN MANO";"INVERSIÓN";"1"
"177";"42500";"CONSTRUCCIONES Y MEJORAS DE BIENES PÚBLICOS NACIONALES DE DOMINIO PÚBLICO - LLAVE EN MANO";"INVERSIÓN";"1"
"178";"43000";"MAQUINARIA Y EQUIPO";"INVERSIÓN";"1"
"179";"43100";"EQUIPOS DE OFICINA Y MUEBLES";"INVERSIÓN";"1"
"180";"43110";"EQUIPOS DE OFICINA Y MUEBLES";"INVERSIÓN";"1"
"181";"43120";"EQUIPOS DE COMPUTACIÓN";"INVERSIÓN";"1"
"182";"43200";"MAQUINARIA Y EQUIPO DE PRODUCCIÓN";"INVERSIÓN";"1"
"183";"43300";"EQUIPOS DE TRANSPORTE, TRACCIÓN Y ELEVACIÓN";"INVERSIÓN";"1"
"184";"43310";"VEHÍCULOS LIVIANOS PARA FUNCIONES ADMINISTRATIVAS";"INVERSIÓN";"1"
"185";"43320";"VEHÍCULOS LIVIANOS PARA PROYECTOS DE INVERSIÓN PÚBLICA";"INVERSIÓN";"1"
"186";"43330";"MAQUINARIA Y EQUIPOS DE TRANSPORTE";"INVERSIÓN";"1"
"187";"43340";"EQUIPOS DE ELEVACIÓN";"INVERSIÓN";"1"
"188";"43400";"EQUIPO MÉDICO Y DE LABORATORIO";"INVERSIÓN";"1"
"189";"43500";"EQUIPOS DE COMUNICACIÓN";"INVERSIÓN";"1"
"190";"43600";"EQUIPO EDUCACIONAL RECREATIVO";"INVERSIÓN";"1"
"191";"43700";"OTRA MAQUINARIA Y EQUIPO";"INVERSIÓN";"1"
"192";"46000";"ESTUDIOS DE PROYECTOS PARA INVERSION";"INVERSIÓN";"1"
"193";"46100";"PARA CONSTRUCCIONES DE BIENES PÚBLICOS DE DOMINIO PRIVADO";"INVERSIÓN";"1"
"194";"46110";"CONSULTORÍA POR PRODUCTO PARA CONSTRUCCIONES DE BIENES PÚBLICOS DE DOMINIO PRIVADO";"INVERSIÓN";"1"
"195";"46120";"CONSULTORÍA DE LÍNEA PARA CONSTRUCCIONES DE BIENES PÚBLICOS DE DOMINIO PRIVADO";"INVERSIÓN";"1"
"196";"46200";"PARA CONSTRUCCIONES DE BIENES DE DOMINIO PÚBLICO";"INVERSIÓN";"1"
"197";"46210";"CONSULTORÍA POR PRODUCTO PARA CONSTRUCCIONES DE BIENES PÚBLICOS DE DOMINIO PÚBLICO";"INVERSIÓN";"1"
"198";"46220";"CONSULTORÍA DE LINEA PARA CONSTRUCCIONES DE BIENES PÚBLICOS DE DOMINIO PUBLICO";"INVERSIÓN";"1"
"199";"46300";"CONSULTORÍA PARA CAPACITACIÓN, TRANSFERENCIA DE TECNOLOGÍA Y ORGANIZACIÓN PARA PROCESOS PRODUCTIVOS, EN PROYECTOS DE INVERSIONES ESPECÍFICOS";"INVERSIÓN";"1"
"200";"46310";"CONSULTORÍA POR PRODUCTO ";"INVERSIÓN";"1"
"201";"46320";"CONSULTORIA DE LINEA";"INVERSIÓN";"1"
"202";"49000";"OTROS ACTIVOS";"INVERSIÓN";"1"
"203";"49100";"ACTIVOS INTANGIBLES";"INVERSIÓN";"1"
"204";"49300";"SEMOVIENTES Y OTROS ANIMALES";"INVERSIÓN";"1"
"205";"49400";"ACTIVOS MUSEOLÓGICOS Y CULTURALES";"INVERSION";"1"
"206";"49900";"OTROS";"INVERSIÓN";"1"
"207";"50000";"ACTIVOS FINANCIEROS";"INVERSIÓN";"1"
"208";"51000";"COMPRA DE ACCIONES, PARTICIPANTES DE CAPITAL E INVERSIONES";"INVERSION";"1"
"209";"51100";"ACCIONES Y PARTICIPACIONES DE CAPITAL EN EMPRESAS PRIVADAS NACIONALES";"INVERSION";"1"
"210";"51200";"ACCIONES Y PARTICIPACIONES DE CAPITAL EN EMPRESAS PÚBLICAS NACIONALES";"INVERSION";"1"
"211";"51300";"ACCIONES Y PARTICIPACIONES DE CAPITAL EN EMPRESAS PÚBLICAS TERRITORIALES";"INVERSIÓN";"1"
"212";"51310";"DEL GOBIERNO AUTÓNOMO DEPARTAMENTAL";"INVERSIÓN";"1"
"213";"51320";"DEL GOBIERNO AUTÓNOMO MUNICIPAL";"INVERSIÓN";"1"
"214";"51330";"DEL GOBIERNO AUTÓNOMO INDIGENA ORIGINARIO CAMPESINO";"INVERSIÓN";"1"
"215";"51340";"DEL GOBIERNO AUTÓNOMO REGIONAL";"INVERSIÓN";"1"
"216";"51500";"ACCIONES Y PARTICIPACIONES DE CAPITAL EN INSTITUCIONES PÚBLICAS FINANCIERAS NO BANCARIAS";"INVERSIÓN";"1"
"217";"51600";"ACCIONES Y PARTICIPACIONES DE CAPITAL EN INSTITUCIONES PÚBLICAS FINANCIERAS BANCARIAS";"INVERSIÓN";"1"
"218";"51700";"ACCIONES Y PARTICIPACIONES DE CAPITAL EN ORGANISMOS INTERNACIONALES";"INVERSIÓN";"1"
"219";"51800";"OTRAS ACCIONES Y PARTICIPACIONES DE CAPITAL EXTERIOR";"INVERSIÓN";"1"
"220";"51900";"INVERSIONES EN EL EXTERIOR";"INVERSION";"1"
"221";"52000";"CONCESIÓN DE PRÉSTAMOS A CORTO PLAZO AL SECTOR PÚBLICO NO FINANCIERO";"INVERSIÓN";"1"
"222";"52100";"CONCESIÓN DE PRÉSTAMOS A CORTO PLAZO A LOS ÓRGANOS DEL ESTADO PLURINACIONAL";"INVERSIÓN";"1"
"223";"52200";"CONCESIÓN DE PRÉSTAMOS A CORTO PLAZO A INSTITUCIONES PÚBLICAS DESCENTRALIZADAS";"INVERSIÓN";"1"
"224";"52400";"CONCESION DE PRESTAMOS A CORTO PLAZO A ENTIDADES TERRITORIALES AUTÓNOMAS";"INVERSIÓN";"1"
"225";"52410";"GOBIERNO AUTÓNOMO DEPARTAMENTAL";"INVERSIÓN";"1"
"226";"52420";"GOBIERNO AUTÓNOMO MUNICIPAL";"INVERSIÓN";"1"
"227";"52430";"GOBIERNO AUTÓNOMO INFIGENA ORIGINARIO CAMPESINO";"INVERSIÓN";"1"
"228";"52440";"GOBIERNO AUTONOMO REGIONAL";"INVERSIÓN";"1"
"229";"52600";"CONCESION DE PRESTAMOS A CORTO PLAZO A INSTITUCIONES DE SEGURIDAD SOCIAL";"INVERSIÓN";"1"
"230";"52700";"CONCESIÓN DE PRÉSTAMOS A CORTO PLAZO A EMPRESAS PÚBLICAS NACIONALES";"INVERSION";"1"
"231";"52800";"CONCESIÓN DE PRÉSTAMOS A CORTO PLAZO A EMPRESAS PÚBLICAS TERRITORIALES";"INVERSIÓN";"1"
"232";"52810";"DEL GOBIERNO AUTÓNOMO DEPARTAMENTAL";"INVERSIÓN";"1"
"233";"52820";"DEL GOBIERNO AUTÓNOMO MUNICIPAL";"INVERSIÓN";"1"
"234";"52830";"DEL GOBIERNO AUTÓNOMO INDIGENA ORIGINARIO CAMPESINO";"INVERSION";"1"
"235";"52840";"DEL GOBIERNO AUTÓNOMO REGIONAL";"INVERSIÓN";"1"
"236";"53000";"CONCESIÓN DE PRÉSTAMOS A LARGO PLAZO AL SECTOR PÚBLICO NO FINANCIERO";"INVERSIÓN";"1"
"237";"53100";"CONCESIÓN DE PRÉSTAMOS A LARGO PLAZO A LOS ÓRGANOS DEL ESTADO PLURINACIONAL";"INVERSIÓN";"1"
"238";"53200";"CONCESIÓN DE PRÉSTAMOS A LARGO PLAZO A INSTITUCIONES PÚBLICAS DESCENTRALIZADAS’";"INVERSIÓN";"1"
"239";"53400";"CONCESION DE PRESTAMOS A LARGO PLAZO A ENTIDADES TERRITORIALES AUTÓNOMAS";"INVERSIÓN";"1"
"240";"53410";"GOBIERNO AUTÓNOMO DEPARTAMENTAL";"INVERSIÓN";"1"
"241";"53420";"GOBIERNO AUTÓNOMO MUNICIPAL";"INVERSIÓN";"1"
"242";"53430";"GOBIERNO AUTÓNOMO INDIGENA ORIGINARIO CAMPESINO’";"INVERSION";"1"
"243";"53440";"GOBIERNO AUTÓNOMO MUNICIPAL";"INVERSIÓN";"1"
"244";"53600";"CONCESION DE PRESTAMOS A LARGO PLAZO A INSTITUCIONES DE SEGURIDAD SOCIAL";"INVERSIÓN";"1"
"245";"53700";"CONCESIÓN DE PRÉSTAMOS A LARGO PLAZO A EMPRESAS PÚBLICAS NACIONALES";"INVERSION";"1"
"246";"53800";"CONCESIÓN DE PRÉSTAMOS A LARGO PLAZO A EMPRESAS PÚBLICAS TERRITORIALES";"INVERSIÓN";"1"
"247";"53810";"DEL GOBIERNO AUTÓNOMO DEPARTAMENTAL";"INVERSIÓN";"1"
"248";"53820";"DEL GOBIERNO AUTÓNOMO MUNICIPAL";"INVERSIÓN";"1"
"249";"53830";"DEL GOBIERNO AUTÓNOMO INDIGENA ORIGINARIO CAMPESINO";"INVERSION";"1"
"250";"53840";"DEL GOBIERNO REGIONAL";"INVERSIÓN";"1"
"251";"54000";"CONCESIÓN DE PRÉSTAMOS AL SECTOR PÚBLICO FINANCIERO Y LOS SECTORES PRIVADO Y DEL EXTERIOR";"INVERSIÓN";"1"
"252";"54100";"CONCESIÓN DE PRÉSTAMOS A CORTO PLAZO A INSTITUCIONES PÚBLICAS FINANCIERAS NO BANCARIAS";"INVERSIÓN";"1"
"253";"54200";"CONCESIÓN DE PRÉSTAMOS A CORTO PLAZO A INSTITUCIONES PÚBLICAS FINANCIERAS BANCARIAS";"INVERSIÓN";"1"
"254";"54300";"CONCESION DE PRESTAMOS A CORTO PLAZO AL SECTOR PRIVADO";"INVERSIÓN";"1"
"255";"54400";"CONCESIÓN DE PRÉSTAMOS A CORTO PLAZO AL EXTERIOR";"INVERSIÓN";"1"
"256";"54600";"CONCESIÓN DE PRÉSTAMOS A LARGO PLAZO A INSTITUCIONES PÚBLICAS FINANCIERAS NO BANCARIAS";"INVERSIÓN";"1"
"257";"54700";"CONCESIÓN DE PRÉSTAMOS A LARGO PLAZO A INSTITUCIONES PÚBLICAS FINANCIERAS BANCARIAS";"INVERSIÓN";"1"
"258";"54800";"CONCESIÓN DE PRÉSTAMOS A LARGO PLAZO AL SECTOR PRIVADO";"INVERSIÓN";"1"
"259";"54900";"CONCESIÓN DE PRÉSTAMOS A LARGO PLAZO AL EXTERIOR";"INVERSIÓN";"1"
"260";"55000";"COMPRA DE TÍTULOS Y VALORES";"INVERSIÓN";"1"
"261";"55100";"TÍTULOS Y VALORES A CORTO PLAZO";"INVERSIÓN";"1"
"262";"55200";"TÍTULOS Y VALORES A LARGO PLAZO";"INVERSIÓN";"1"
"263";"56000";"CONSTITUCIÓN DE FIDEICOMISOS Y SERVICIOS FINANCIEROS";"INVERSIÓN";"1"
"264";"56100";"COLOCACIÓN DE FONDOS DE FIDEICOMISO";"INVERSIÓN";"1"
"265";"56200";"CONCESIONES DE RECURSOS DE FIDEICOMISOS";"INVERSIÓN";"1"
"266";"56300";"COLOCACIÓN DE FONDOS POR SERVICIOS FINANCIEROS";"INVERSIÓN";"1"
"267";"57000";"INCREMENTO DE DISPONIBILIDADES";"INVERSIÓN";"1"
"268";"57100";"INCREMENTO DE CAJA Y BANCOS";"INVERSIÓN";"1"
"269";"57200";"INCREMENTO DE INVERSIONES TEMPORALES";"INVERSIÓN";"1"
"270";"58000";"INCREMENTO DE CUENTAS Y DOCUMENTOS POR COBRAR Y OTROS ACTIVOS FINANCIEROS";"INVERSIÓN";"1"
"271";"58100";"INCREMENTO DE CUENTAS POR COBRAR A CORTO PLAZO";"INVERSIÓN";"1"
"272";"58200";"INCREMENTO DE DOCUMENTOS POR COBRAR Y OTROS ACTIVOS FINANCIEROS A CORTO PLAZO";"INVERSIÓN";"1"
"273";"58210";"INCREMENTO DE DOCUMENTOS POR COBRAR A CORTO PLAZO";"INVERSIÓN";"1"
"274";"58220";"INCREMENTO DE OTROS ACTIVOS FINANCIEROS A CORTO PLAZO";"INVERSIÓN";"1"
"275";"58300";"INCREMENTO DE CUENTAS POR COBRAR A LARGO PLAZO";"INVERSIÓN";"1"
"276";"58400";"INCREMENTO DE DOCUMENTOS POR COBRAR  Y OTROS ACTIVOS FINANCIEROS A LARGO PLAZO";"INVERSIÓN";"1"
"277";"58410";"INCREMENTO DE DOCUMENTOS POR COBRAR A LARGO PLAZO";"INVERSIÓN";"1"
"278";"58420";"INCREMENTO DE OTROS ACTIVOS FINANCIEROS A LARGO PLAZO";"INVERSIÓN";"1"
"279";"59000";"AFECTACIONES AL TESORO GENERAL DE LA NACIÓN";"INVERSIÓN";"1"
"280";"59100";"AFECTACIONES AL TESORO GENERAL DE LA NACIÓN";"INVERSIÓN";"1"
"281";"60000";"SERVICIO DE LA DEUDA PÚBLICA Y DISMINUCIÓN DE OTROS PASIVOS";"INVERSIÓN";"1"
"282";"61000";"SERVICIOS DE LA DEUDA PÚBLICA INTERNA";"INVERSIÓN";"1"
"283";"61100";"AMORTIZACIÓN DE LA DEUDA PÚBLICA INTERNA A CORTO PLAZO";"INVERSIÓN";"1"
"284";"61200";"INTERESES DE LA DEUDA PÚBLICA INTERNA A CORTO PLAZO";"INVERSIÓN";"1"
"285";"61300";"COMISIONES Y OTROS GASTOS DE LA DEUDA PÚBLICA INTERNA A CORTO PLAZO";"INVERSIÓN";"1"
"286";"61400";"INTERESES POR MORA Y MULTAS DE LA DEUDA PÚBLICA INTERNA A CORTO PLAZO";"INVERSIÓN";"1"
"287";"61600";"AMORTIZACIÓN DE LA DEUDA PÚBLICA INTERNA A LARGO PLAZO";"INVERSIÓN";"1"
"288";"61700";"INTERESES DE LA DEUDA PÚBLICA INTERNA  A LARGO PLAZO";"INVERSIÓN";"1"
"289";"61800";"COMISIONES Y OTROS GASTOS DE LA DEUDA PÚBLICA INTERNA A LARGO PLAZO";"INVERSIÓN";"1"
"290";"61900";"INTERESES POR MORA Y MULTAS DE LA DEUDA PÚBLICA INTERNA A LARGO PLAZO";"INVERSIÓN";"1"
"291";"62000";"SERVICIO DE LA DEUDA PÚBLICA EXTERNA";"INVERSIÓN";"1"
"292";"62100";"AMORTIZACIÓN DE LA DEUDA PÚBLICA EXTERNA A CORTO PLAZO";"INVERSIÓN";"1"
"293";"62200";"INTERESES DE LA DEUDA PÚBLICA EXTERNA A CORTO PLAZO";"INVERSIÓN";"1"
"294";"62300";"COMISIONES Y OTROS GASTOS DE LA DEUDA PÚBLICA EXTERNA A CORTO PLAZO";"INVERSIÓN";"1"
"295";"62400";"INTERESES POR MORA Y MULTAS DE LA DEUDA PÚBLICA EXTERNA A CORTO PLAZO";"INVERSIÓN";"1"
"296";"62600";"AMORTIZACIÓN DE LA DEUDA PÚBLICA EXTERNA A LARGO PLAZO";"INVERSIÓN";"1"
"297";"62700";"INTERESES DE LA DEUDA PÚBLICA EXTERNA A LARGO PLAZO";"INVERSIÓN";"1"
"298";"62800";"COMISIONES Y OTROS GASTOS DE LA DEUDA PÚBLICA EXTERNA A LARGO PLAZO";"INVERSIÓN";"1"
"299";"62900";"INTERESES POR MORA Y MULTAS DE LA DEUDA PÚBLICA EXTERNA A LARGO PLAZO";"INVERSIÓN";"1"
"300";"63000";"DISMINUCIÓN DE CUENTAS POR PAGAR A CORTO PLAZO";"INVERSIÓN";"1"
"301";"63100";"DISMINUCIÓN DE CUENTAS POR PAGAR A CORTO PLAZO POR DEUDAS COMERCIALES CON PROVEEDORES";"INVERSIÓN";"1"
"302";"63200";"DISMINUCIÓN DE CUENTAS POR PAGAR A CORTO PLAZO CON CONTRATISTAS";"INVERSIÓN";"1"
"303";"63300";"DISMINUCIÓN DE CUENTAS POR PAGAR A CORTO PLAZO POR SUELDOS Y JORNALES";"INVERSIÓN";"1"
"304";"63400";"DISMINUCIÓN DE CUENTAS POR PAGAR A CORTO PLAZO POR APORTES PATRONALES";"INVERSIÓN";"1"
"305";"63500";"DISMINUCIÓN DE CUENTAS POR PAGAR A CORTO PLAZO POR RETENCIONES";"INVERSIÓN";"1"
"306";"63600";"DISMINUCIÓN DE CUENTAS POR PAGAR A CORTO PLAZO POR IMPUESTOS, REGALÍAS Y TASAS ";"INVERSIÓN";"1"
"307";"63700";"DISMINUCIÓN DE CUENTAS POR PAGAR A CORTO PLAZO POR JUBILACIONES Y PENSIONES";"INVERSIÓN";"1"
"308";"63800";"DISMINUCIÓN DE CUENTAS POR PAGAR A CORTO PLAZO POR INTERESES";"INVERSIÓN";"1"
"309";"63900";"DISMINUCIÓN DE OTROS PASIVOS Y OTRAS CUENTAS POR PAGAR A CORTO PLAZO";"INVERSIÓN";"1"
"310";"64000";"DISMINUCIÓN DE CUENTAS POR PAGAR A LARGO PLAZO";"INVERSIÓN";"1"
"311";"64100";"DISMINUCIÓN DE CUENTAS POR PAGAR A LARGO PLAZO POR DEUDAS COMERCIALES";"INVERSIÓN";"1"
"312";"64200";"DISMINUCIÓN DE OTRAS CUENTAS POR PAGAR A LARGO PLAZO";"INVERSIÓN";"1"
"313";"65000";"GASTOS DEVENGADOS NO PAGADOS-TGN";"INVERSIÓN";"1"
"314";"65100";"GASTOS DEVENGADOS NO PAGADOS POR SERVICIOS PERSONALES ";"INVERSIÓN";"1"
"315";"65200";"GASTOS DEVENGADOS NO PAGADOS POR SERVICIOS NO PERSONALES, MATERIALES Y SUMINISTROS, ACTIVOS REALES Y FINANCIEROS, ";"INVERSIÓN";"1"
"316";"65210";"GASTOS DEVENGADOS NO PAGADOS POR SERVICIOS NO PERSONALES";"INVERSIÓN";"1"
"317";"65220";"GASTOS DEVENGADOS NO PAGADOS POR MATERIALES  Y SUMINISTROS";"INVERSIÓN";"1"
"318";"65230";"GASTOS DEVENGADOS NO PAGADOS POR ACTIVOS REALES";"INVERSIÓN";"1"
"319";"65240";"GASTOS DEVENGADOS NO PAGADOS POR ACTIVOS FINANCIEROS";"INVERSIÓN";"1"
"320";"65300";"GASTOS DEVENGADOS NO PAGADOS POR TRANSFERENCIAS";"INVERSIÓN";"1"
"321";"65400";"GASTOS DEVENGADOS NO PAGADOS POR RETENCIONES";"INVERSIÓN";"1"
"322";"65500";"GASTOS DEVENGADOS NO PAGADOS POR INTERESES DEUDA PÚBLICA INTERNA";"INVERSIÓN";"1"
"323";"65600";"GASTOS DEVENGADOS NO PAGADOS POR INTERESES DEUDA PÚBLICA EXTERNA";"INVERSIÓN";"1"
"324";"65700";"GASTOS DEVENGADOS NO PAGADOS POR COMISIONES DEUDA PÚBLICA INTERNA";"INVERSIÓN";"1"
"325";"65800";"GASTOS DEVENGADOS NO PAGADOS POR COMISIONES DEUDA PÚBLICA EXTERNA";"INVERSIÓN";"1"
"326";"68900";"OTROS GASTOS DEVENGADOS NO PAGADOS";"INVERSIÓN";"1"
"327";"66000";"GASTOS DEVENGADOS NO PAGADOS - OTRAS FUENTES";"INVERSIÓN";"1"
"328";"66100";"GASTOS DEVENGADOS NO PAGADOS POR SERVICIOS PERSONALES";"INVERSIÓN";"1"
"329";"66200";"GASTOS DEVENGADOS NO PAGADOS POR SERVICIOS NO PERSONALES, MATERIALES Y SUMINISTROS, ACTIVOS REALES Y FINANCIEROS, Y SERVICIO DE LA DEUDA";"INVERSIÓN";"1"
"330";"66210";"GASTOS DEVENGADOS NO PAGADOS POR SERVICIOS NO PERSONALES";"INVERSIÓN";"1"
"331";"66220";"GASTOS DEVENGADOS NO PAGADOS  POR MATERIALES Y SUMINISTROS";"INVERSIÓN";"1"
"332";"66230";"GASTOS DEVENGADOS NO PAGADOS POR ACTIVOS REALES";"INVERSIÓN";"1"
"333";"66240";"GASTOS DEVENGADOS NO PAGADOS POR ACTIVOS FINANCIEROS";"INVERSIÓN";"1"
"334";"66250";"GASTOS DEVENGADOS NO PAGADOS POR SERVICIO DE LA DEUDA";"INVERSIÓN";"1"
"335";"66300";"GASTOS DEVENGADOS NO PAGADOS POR TRANSFERENCIA";"INVERSIÓN";"1"
"336";"66400";"GASTOS DEVENGADOS NO PAGADOS POR RETENCIONES";"INVERSIÓN";"1"
"337";"66900";"OTROS GASTOS NO PAGADOS";"INVERSIÓN";"1"
"338";"67000";"OBLIGACIONES POR AFECTACIONES AL TESORO GENERAL DE LA NACIÓN";"INVERSIÓN";"1"
"339";"67100";"OBLIGACIONES POR AFECTACIONES AL TESORO GENERAL DE LA NACIÓN";"INVERSIÓN";"1"
"340";"68000";"DISMINUCIÓN DE OTROS PASIVOS";"INVERSIÓN";"1"
"341";"68200";"PAGO DE BENEFICIOS SOCIALES";"INVERSIÓN";"1"
"342";"69000";"DEVOLUCIÓN DE FONDOS-FIDEICOMISOS";"INVERSIÓN";"1"
"343";"69100";"DEVOLUCIÓN DE FONDOS-FIDEICOMISO DE CORTO PLAZO";"INVERSIÓN";"1"
"344";"69200";"DEVOLUCIÓN DE FONDOS-FIDEICOMISO DE LARGO PLAZO";"INVERSIÓN";"1"
"345";"70000";"TRANSFERENCIAS";"INVERSIÓN";"1"
"346";"71000";"TRANSFERENCIAS CORRIENTES AL SECTOR PRIVADO";"INVERSIÓN";"1"
"347";"71100";"PENSIONES Y JUBILADOS";"INVERSIÓN";"1"
"348";"71200";"BECAS";"INVERSIÓN";"1"
"349";"71210";"BECAS DE ESTUDIOS OTORGADOS A LOS SERVICIOS PÚBLICOS";"INVERSIÓN";"1"
"350";"71220";"BECAS DE ESTUDIOS OTORGADAS A LOS ESTUDIANTES UNIVERSITARIOS";"INVERSIÓN";"1"
"351";"71230";"BECAS DE ESTUDIOS OTORGADAS A PARTICULARES";"INVERSIÓN";"1"
"352";"71300";"DONACIONES, AYUDAS SOCIALES Y PREMIOS A PERSONAS";"INVERSIÓN";"1"
"353";"71500";"SUBSIDIOS A PERSONAS O INSTITUCIONES PRIVADAS SIN FINES DE LUCRO";"INVERSIÓN";"1"
"354";"71700";"SUBVENCIONES ECONÓMICAS A EMPRESAS";"INVERSIÓN";"1"
"355";"71800";"PENSIONES VITALICIAS";"INVERSIÓN";"1"
"356";"71900";"TRANSFERENCIAS POR LAS COMPRAS DE CONTROL TRIBUTARIO";"INVERSIÓN";"1"
"357";"72000";"TRANSFERENCIA CORRIENTE AL SECTOR PÚBLICO NO FINANCIERO POR PARTICIPACIÓN EN TRIBUTOS";"INVERSIÓN";"1"
"358";"72200";"TRANSFERENCIAS CORRIENTES A INSTITUCIONES PÚBLICAS DESCENTRALIZADAS, UNIVERSIDADES PÚBLICAS POR PARTICIPACIÓN EN TRIBUTOS";"INVERSIÓN";"1"
"359";"72400";"TRANSFERENCIAS CORRIENTES AL GOBIERNO AUTÓNOMO DEPARTAMENTAL POR PARTICIPACIÓN EN TRIBUTOS";"INVERSIÓN";"1"
"360";"72410";"TRANSFERENCIAS CORRIENTES AL GOBIERNO AUTÓNOMO DEPARTAMENTAL POR PARTICIPACIÓN EN TRIBUTOS PARA EDUCACIÓN";"INVERSIÓN";"1"
"361";"72420";"TRANSFERENCIAS CORRIENTES AL GOBIERNO AUTÓNOMO DEPARTAMENTAL POR PARTICIPACIÓN EN TRIBUTOS OTRAS";"INVERSION";"1"
"362";"72500";"TRANSFERENCIAS CORRIENTES A LOS GOBIERNOS AUTÓNOMOS MUNICIPALES E INDÍGENA ORIGINARIO CAMPESINO POR PARTICIPACIÓN EN TRIBUTOS";"INVERSIÓN";"1"
"363";"72510";"TRANSFERENCIAS CORRIENTES A LOS GOBIERNOS AUTÓNOMOS MUNICIPALES E INDÍGENA ORIGINARIO CAMPESINO POR PARTICIPACIÓN EN TRIBUTOS PARA SALUD";"INVERSIÓN";"1"
"364";"72520";"TRANSFERENCIAS CORRIENTES A LOS GOBIERNOS AUTÓNOMOS MUNICIPALES E INDÍGENA ORIGINARIO CAMPESINO POR PARTICIPACIÓN EN TRIBUTOS OTRAS";"INVERSION";"1"
"365";"73000";"TRANSFERENCIAS CORRIENTES AL SECTOR PÚBLICO NO FINANCIERO POR SUBSIDIOS O SUBVENCIONES";"INVERSIÓN";"1"
"366";"73100";"TRANSFERENCIAS CORRIENTES AL ÓRGANO EJECUTIVO DEL ESTADO PLURINACIONAL POR SUBSIDIOS O SUBVENCIONES";"INVERSIÓN";"1"
"367";"73200";"TRANSFERENCIAS CORRIENTES A LOS ÓRGANOS LEGISLATIVO, JUDICIAL Y ELECTORAL, ENTIDADES DE CONTROL Y DEFENSA, DESCENTRALIZADAS Y UNIVERSIDADES POR SUBSIDIOS O SUBVENCIONES ";"INVERSIÓN";"1"
"368";"73300";"TRANSFERENCIAS CORRIENTES DEL FONDO COMPENSATORIO NACIONAL DE SALUD";"INVERSIÓN";"1"
"369";"73400";"TRANSFERENCIAS CORRIENTES A ENTIDADES TERRITORIALES AUTÓNOMAS POR SUBSIDIOS O SUBVENCIONES";"INVERSIÓN";"1"
"370";"73410";"TRANSFERENCIAS CORRIENTES A ENTIDADES TERRITORIALES AUTÓNOMAS POR SUBSIDIOS O SUBVENCIONES GOBIERNO AUTÓNOMO DEPARTAMENTAL";"INVERSIÓN";"1"
"371";"73420";"TRANSFERENCIAS CORRIENTES A ENTIDADES TERRITORIALES AUTÓNOMAS POR SUBSIDIOS O SUBVENCIONES GOBIERNO MUNICIPAL";"INVERSIÓN";"1"
"372";"73430";"TRANSFERENCIAS CORRIENTES A ENTIDADES TERRITORIALES AUTÓNOMAS POR SUBSIDIOS O SUBVENCIONES GOBIERNO INDIGENA ORIGINARIO CAMPESINO";"INVERSIÓN";"1"
"373";"73440";"TRANSFERENCIAS CORRIENTES A ENTIDADES TERRITORIALES AUTÓNOMAS POR SUBSIDIOS O SUBVENCIONES GOBIERNO AUTONOMO REGIONAL";"INVERSIÓN";"1"
"374";"73600";"TRANSFERENCIAS CORRIENTES A INSTITUCIONES DE SEGURIDAD SOCIAL POR SUBSIDIOS O SUBVENCIONES";"INVERSIÓN";"1"
"375";"73700";"TRANSFERENCIAS CORRIENTES A EMPRESAS PÚBLICAS NACIONALES POR SUBSIDIOS O SUBVENCIONES ";"INVERSIÓN";"1"
"376";"73800";"TRANSFERENCIAS CORRIENTES A EMPRESAS PÚBLICAS DE LAS ENTIDADES TERRITORIALES AUTÓNOMAS POR SUBSIDIOS O SUBVENCIONES";"INVERSIÓN";"1"
"377";"73810";"TRANSFERENCIAS CORRIENTES A EMPRESAS PÚBLICAS DE LAS ENTIDADES TERRITORIALES AUTÓNOMAS POR SUBSIDIOS O SUBVENCIONES EMPRESAS PÚBLICAS DEPARTAMENTALES";"INVERSIÓN";"1"
"378";"73820";"TRANSFERENCIAS CORRIENTES A EMPRESAS PÚBLICAS DE LAS ENTIDADES TERRITORIALES AUTÓNOMAS POR SUBSIDIOS O SUBVENCIONES EMPRESAS PÚBLICAS MUNICIPALES";"INVERSIÓN";"1"
"379";"73830";"TRANSFERENCIAS CORRIENTES A EMPRESAS PÚBLICAS DE LAS ENTIDADES TERRITORIALES AUTÓNOMAS POR SUBSIDIOS O SUBVENCIONES";"INVERSIÓN";"1"
"380";"73840";"TRANSFERENCIAS CORRIENTES A EMPRESAS PÚBLICAS DE LAS ENTIDADES TERRITORIALES AUTÓNOMAS POR SUBSIDIOS O SUBVENCIONES EMPRESAS PÚBLICAS REGIONALES";"INVERSIÓN";"1"
"381";"74000";"TRANSFERENCIAS CORRIENTES AL SECTOR PÚBLICO FINANCIERO";"INVERSIÓN";"1"
"382";"74100";"TRANSFERENCIAS CORRIENTES A INSTITUCIONES PÚBLICAS FINANCIERAS NO BANCARIAS";"INVERSIÓN";"1"
"383";"74200";"TRANSFERENCIAS CORRIENTES A INSTITUCIONES PÚBLICAS FINANCIERAS BANCARIAS";"INVERSIÓN";"1"
"384";"75000";"TRANSFERENCIA CAPITAL LA SECTOR PRIVADO";"INVERSIÓN";"1"
"385";"75100";"TRANSFERENCIA DE CAPITAL A PERSONAS";"INVERSIÓN";"1"
"386";"75110";"TRANSFERENCIA DE CAPITAL A PERSONAS EN EFECTIVO";"INVERSIÓN";"1"
"387";"75120";"TRANSFERENCIA DE CAPITAL A PERSONAS EN ESPECIE";"INVERSIÓN";"1"
"388";"75200";"TRANSFERENCIAS DE CAPITAL A INSTITUCIONES PRIVADAS SIN FINES DE LUCRO";"INVERSIÓN";"1"
"389";"75210";"A INSTITUCIONES PRIVADAS SIN FINES DE LUCRO";"INVERSIÓN";"1"
"390";"75211";"A INSTITUCIONES PRIVADAS SIN FINES DE LUCRO EN EFECTIVO";"INVERSIÓN";"1"
"391";"75212";"A INSTITUCIONES PRIVADAS SIN FINES DE LUCRO EN ESPECIE";"INVERSIÓN";"1"
"392";"75220";"OTRAS DE CARÁCTER ECONÓMICO - PRODUCTIVO";"INVERSIÓN";"1"
"393";"75221";"OTRAS DE CARÁCTER ECONÓMICO - PRODUCTIVO EN EFECTIVO";"INVERSIÓN";"1"
"394";"75222";"OTRAS DE CARÁCTER ECONÓMICO - PRODUCTIVO EN ESPECIE";"INVERSIÓN";"1"
"395";"75300";"TRANSFERENCIA DE CAPITAL A EMPRESAS PRIVADAS";"INVERSIÓN";"1"
"396";"75310";"TRANSFERENCIA DE CAPITAL A EMPRESAS PRIVADAS EN EFECTIVO";"INVERSIÓN";"1"
"397";"75320";"TRANSFERENCIA DE CAPITAL A EMPRESAS PRIVADAS EN ESPECIE";"INVERSIÓN";"1"
"398";"77000";"TRANSFERENCIAS DE CAPITAL AL SECTOR PÚBLICO NO FINANCIERO POR SUBSIDIOS O SUBVENCIONES";"INVERSIÓN";"1"
"399";"77100";"TRANSFERENCIAS DE CAPITAL AL ÓRGANO EJECUTIVO DEL ESTADO PLURINACIONAL POR SUBSIDIOS O SUBVENCIONES ";"INVERSIÓN";"1"
"400";"77200";"TRANSFERENCIAS DE CAPITAL A LOS ÓRGANOS LEGISLATIVO, JUDICIAL Y ELECTORAL, ENTIDADES DE CONTROL Y DEFENSA, DESCENTRALIZADAS Y UNIVERSIDADES POR SUBSIDIOS O SUBVENCIONES";"INVERSIÓN";"1"
"401";"77400";"TRANSFERENCIAS DE CAPITAL A LAS ENTIDADES TERRITORIALES AUTÓNOMAS POR SUBSIDIOS O SUBVENCIONES";"INVERSIÓN";"1"
"402";"77410";"TRANSFERENCIAS DE CAPITAL A LAS ENTIDADES TERRITORIALES AUTÓNOMAS POR SUBSIDIOS O SUBVENCIONES AL GOBIERNO AUTÓNOMO DEPARTAMENTAL";"INVERSIÓN";"1"
"403";"77440";"TRANSFERENCIAS DE CAPITAL A LAS ENTIDADES TERRITORIALES AUTÓNOMAS POR SUBSIDIOS O SUBVENCIONES AL GOBIERNO AUTÓNOMO REGIONAL";"INVERSIÓN";"1"
"404";"77500";"TRANSFERENCIAS DE CAPITAL A LOS GOBIERNOS AUTÓNOMOS MUNICIPALES E INDÍGENA ORIGINARIO CAMPESINO POR SUBSIDIOS O SUBVENCIONES";"INVERSIÓN";"1"
"405";"77520";"TRANSFERENCIAS DE CAPITAL A LOS GOBIERNOS AUTÓNOMOS MUNICIPALES E INDÍGENA ORIGINARIO CAMPESINO POR SUBSIDIOS O SUBVENCIONES POR PATENTES PETROLERAS";"INVERSIÓN";"1"
"406";"77530";"TRANSFERENCIAS DE CAPITAL A LOS GOBIERNOS AUTÓNOMOS MUNICIPALES E INDÍGENA ORIGINARIO CAMPESINO POR SUBSIDIOS O SUBVENCIONES OTRAS";"INVERSION";"1"
"407";"77600";"TRANSFERENCIAS DE CAPITAL A INSTITUCIONES DE SEGURIDAD SOCIAL POR SUBSIDIOS O SUBVENCIONES";"INVERSIÓN";"1"
"408";"77700";"TRANSFERENCIAS DE CAPITAL A EMPRESAS PÚBLICAS NACIONALES POR SUBSIDIOS O SUBVENCIONES";"INVERSIÓN";"1"
"409";"77800";"TRANSFERENCIAS DE CAPITAL A EMPRESAS PÚBLICAS DE LAS ENTIDADES TERRITORIALES AUTÓNOMAS POR SUBSIDIOS O SUBVENCIONES";"INVERSIÓN";"1"
"410";"77810";"TRANSFERENCIAS DE CAPITAL A EMPRESAS PÚBLICAS DE LAS ENTIDADES TERRITORIALES AUTÓNOMAS POR SUBSIDIOS O SUBVENCIONES A EMPRESAS PÚBLICAS DEPARTAMENTALES";"INVERSIÓN";"1"
"411";"778220";"TRANSFERENCIAS DE CAPITAL A EMPRESAS PÚBLICAS DE LAS ENTIDADES TERRITORIALES AUTÓNOMAS POR SUBSIDIOS O SUBVENCIONES A EMPRESAS PÚBLICAS MUNICIPALES";"INVERSIÓN";"1"
"412";"77830";"TRANSFERENCIAS DE CAPITAL A EMPRESAS PÚBLICAS DE LAS ENTIDADES TERRITORIALES AUTÓNOMAS POR SUBSIDIOS O SUBVENCIONES A EMPRESAS PÚBLICAS INDÍGENAS ORIGINARIAS Y CAMPESINAS";"INVERSIÓN";"1"
"413";"77840";"TRANSFERENCIAS DE CAPITAL A EMPRESAS PÚBLICAS DE LAS ENTIDADES TERRITORIALES AUTÓNOMAS POR SUBSIDIOS O SUBVENCIONES A EMPRESAS PÚBLICAS REGIONALES";"INVERSIÓN";"1"
"414";"78000";"TRANSFERENCIAS DE CAPITAL AL SECTOR PÚBLICO FINANCIERO";"INVERSIÓN";"1"
"415";"78100";"TRANSFERENCIAS DE CAPITAL A INSTITUCIONES PÚBLICAS FINANCIERAS NO BANCARIAS";"INVERSIÓN";"1"
"416";"78200";"TRANSFERENCIAS DE CAPITAL A INSTITUCIONES PÚBLICAS FINANCIERAS BANCARIAS";"INVERSIÓN";"1"
"417";"79000";"TRANSFERENCIAS A GOBIERNOS EXTRANJEROS, ORGANISMOS INTERNACIONALES Y OTROS";"INVERSIÓN";"1"
"418";"79100";"TRANSFERENCIAS CORRIENTES A GOBIERNOS EXTRANJEROS Y ORGANISMOS INTERNACIONALES POR CUOTAS REGULARES ";"INVERSIÓN";"1"
"419";"79200";"TRANSFERENCIAS CORRIENTES A GOBIERNOS EXTRANJEROS Y ORGANISMOS INTERNACIONALES POR CUOTAS EXTRAORDINARIAS";"INVERSIÓN";"1"
"420";"79300";"OTRAS TRANSFERENCIAS CORRIENTES AL EXTERIOR";"INVERSIÓN";"1"
"421";"79400";"TRANSFERENCIAS DE CAPITAL AL EXTERIOR";"INVERSIÓN";"1"
"422";"79500";"TRANSFERENCIAS A ORGANISMOS INTERNACIONALES";"INVERSIÓN";"1"
"423";"80000";"IMPUESTOS, REGALÍAS Y TASAS";"INVERSIÓN";"1"
"424";"81000";"RENTA INTERNO";"INVERSIÓN";"1"
"425";"81100";"IMPUESTO SOBRE LAS UTILIDADES DE LAS EMPRESAS";"INVERSIÓN";"1"
"426";"81200";"IMPUESTO A LAS TRANSACCIONES";"INVERSIÓN";"1"
"427";"81300";"IMPUESTO AL VALOR AGREGADO MERCADO INTERNO";"INVERSIÓN";"1"
"428";"81400";"IMPUESTO A LOS CONSUMOS ESPECÍFICOS MERCADO INTERNO";"INVERSIÓN";"1"
"429";"81500";"IMPUESTO A LOS CONSUMOS ESPECÍFICOS MERCADO INTERNO ";"INVERSIÓN";"1"
"430";"81600";"IMPUESTO A LOS CONSUMOS ESPECÍFICOS IMPORTACIONES";"INVERSIÓN";"1"
"431";"81700";"IMPUESTO ESPECIAL A LOS HIDROCARBUROS Y SUS DERIVADOS MERCADO INTERNO";"INVERSIÓN";"1"
"432";"81800";"IMPUESTO ESPECIAL A LOS HIDROCARBUROS Y SUS DERIVADOS IMPORTACION";"INVERSIÓN";"1"
"433";"81900";"OTROS IMPUESTOS";"INVERSIÓN";"1"
"434";"82000";"RENTA ADUANERA";"INVERSIÓN";"1"
"435";"82100";"GRAVAMEN ARANCELARIO";"INVERSIÓN";"1"
"436";"83000";"IMPUESTOS MUNICIPALES";"INVERSIÓN";"1"
"437";"83100";"IMPUESTO A LA PROPIEDAD DE BIENES";"INVERSIÓN";"1"
"438";"83110";"BIENES INMUEBLES";"INVERSIÓN";"1"
"439";"83120";"VEHÍCULOS AUTOMOTORES";"INVERSIÓN";"1"
"440";"84000";"REGALIAS";"INVERSIÓN";"1"
"442";"84100";"REGALÍAS MINERAS";"INVERSIÓN";"1"
"443";"84200";"REGALÍAS AGROPECUARIAS";"INVERSIÓN";"1"
"444";"84230";"6% PARTICIPACIÓN TGN";"INVERSIÓN";"1"
"445";"84240";"11% SOBRE PRODUCCIÓN POR REGALÍAS DEPARTAMENTOS";"INVERSIÓN";"1"
"446";"84250";"1% SOBRE PRODUCCIÓN PARA REGALÍAS COMPENSATORIA DEPARTAMENTAL";"INVERSIÓN";"1"
"447";"84300";"REGALÍAS AGROPECUARIAS";"INVERSIÓN";"1"
"448";"84900";"OTRAS REGALIAS";"INVERSIÓN";"1"
"449";"85000";"TASAS, MULTAS Y OTROS";"INVERSIÓN";"1"
"450";"85100";"TASAS";"INVERSIÓN";"1"
"451";"85200";"DERECHOS";"INVERSION";"1"
"452";"85300";"CONTRIBUCIONES POR MEJORAS";"INVERSIÓN";"1"
"453";"85400";"MULTAS";"INVERSIÓN";"1"
"454";"85500";"INTERESES PENALES";"INVERSIÓN";"1"
"455";"85900";"OTROS";"INVERSIÓN";"1"
"456";"86000";"PATENTES";"INVERSIÓN";"1"
"457";"86100";"PATENTES";"INVERSIÓN";"1"
"458";"90000";"OTROS GASTOS";"INVERSIÓN";"1"
"459";"91000";"INTERESES DE INSTITUCIONES FINANCIERAS";"INVERSIÓN";"1"
"460";"91100";"INTERESES DE INSTITUCIONES PÚBLICAS FINANCIERAS NO BANCARIAS";"INVERSIÓN";"1"
"461";"91200";"DESAHUCIO";"INVERSIÓN";"1"
"462";"94000";"BENEFICIOS SOCIALES Y OTROS";"INVERSIÓN";"1"
"463";"94100";"INDEMNIZACIÓN";"INVERSIÓN";"1"
"464";"94200";"DESAHUCIO";"INVERSIÓN";"1"
"465";"94300";"OTROS BENEFICIOS SOCIALES";"INVERSIÓN";"1"
"466";"95000";"CONTINGENCIA JUDICIALES";"INVERSIÓN";"1"
"467";"95100";"CONTINGENCIAS JUDICIALES";"INVERSIÓN";"1"
"468";"96000";"OTRAS PÉRDIDAS Y DEVOLUCIONES";"INVERSIÓN";"1"
"469";"96100";"PÉRDIDAS EN OPERACIONES CAMBIARIAS";"INVERSIÓN";"1"
"470";"96200";"DEVOLUCIONES";"INVERSIÓN";"1"
"471";"96900";"OTRAS PÉRDIDAS";"INVERSIÓN";"1"
"472";"97000";"COMISIONES Y BONIFICACIONES";"INVERSIÓN";"1"
"473";"97100";"COMISIONES POR VENTAS";"INVERSIÓN";"1"
"474";"97200";"BONIFICACIONES POR VENTAS";"INVERSIÓN";"1"
"475";"98000";"RETIROS DE CAPITAL";"INVERSIÓN";"1"
"476";"98100";"DEL SECTOR PÚBLICO";"INVERSIÓN";"1"
"477";"98200";"DEL SECTOR PRIVADO";"INVERSIÓN";"1"
"478";"98300";"PAGO DE DIVIDENDOS";"INVERSIÓN";"1"
"479";"99000";"PROVISIONES PARA GASTOS CORRIENTES Y DE CAPITAL";"INVERSIÓN";"1"
"480";"99100";"PROVISIONES PARA GASTOS DE CAPITAL";"INVERSIÓN";"1"
"481";"99200";"PROVISIONES PARA GASTOS CORRIENTES";"INVERSIÓN";"1"
